{"mean": 0.10359999643904823, "std": 0.7186896806140932, "mse_threshold": 2.7210235595703125}